action,left_id,right_id,reason
right_unmatched,,R1834,Stable ID absent from the earlier CN/FR snapshot; dataset absence only
right_unmatched,,R1835,Stable ID absent from the earlier CN/FR snapshot; dataset absence only
right_unmatched,,R1836,Stable ID absent from the earlier CN/FR snapshot; dataset absence only
right_unmatched,,R1837,Stable ID absent from the earlier CN/FR snapshot; dataset absence only
right_unmatched,,R1838,Stable ID absent from the earlier CN/FR snapshot; dataset absence only
right_unmatched,,R1839,Stable ID absent from the earlier CN/FR snapshot; dataset absence only
right_unmatched,,R1840,Stable ID absent from the earlier CN/FR snapshot; dataset absence only
right_unmatched,,R481,Stable ID absent from the earlier CN/FR snapshot; dataset absence only
right_unmatched,,R482,Stable ID absent from the earlier CN/FR snapshot; dataset absence only
right_unmatched,,R483,Stable ID absent from the earlier CN/FR snapshot; dataset absence only
right_unmatched,,R484,Stable ID absent from the earlier CN/FR snapshot; dataset absence only
